dataset_id;Case.id;dataset.name;reference;country;climate;continent7;continent8;continent;coordinates;sphere.fragment;sphere.matrix;biome;taxa;time.since.fragmentation;Matrix.category
Aizen_1994;2;2_invertebrates_in_Argentina;Aizen, M.A. & Feinsinger, P., 1994. Habitat Fragmentation , Native Insect Pollinators , and Feral Honey Bees in Argentine ’ Chaco Serrano. Ecological Applications, 4(2), pp.378–392.;Argentinia;Temperate;South America;South America;South America;-26.833333, -65.333333;terrestrial;terrestrial;forest;invertebrates;Intermediate (20-100 years);intermediate
Andresen_2003;4;4_invertebrates_in_Brazil;Andresen, E., 2003. Effect of forest fragmentation on dung beetle communities and functional consequences for plant regeneration. Ecography, 26(1), pp.87–97. Available at: <Go to ISI>://000180797500010.;Brazil;Tropical;South America;South America;South America;-2.500000, -60.000000;terrestrial;terrestrial;forest;invertebrates;Recent (less than 20 years);intermediate
Baldi_1999;5;5_invertebrates_in_Hungary;Baldi, A. & Kisbenedek, T., 1999. Orthopterans in small steppe patches: An investigation for the best-fit model of the species-area curve and evidences for their non-random distribution in the patches. Acta Oecologica, 20(2), pp.125–132.;Hungary;Temperate;Europe;Europe;Europe;47.556453, 18.879999;terrestrial;terrestrial;shrubland/steppe;invertebrates;long (100+ years);harsh filter
Baz_1995;7;7_invertebrates_in_Spain;Baz, A. & Garcia-Boyero, A., 1996. The SLOSS dilemma: a butterfly case study. Biodiversity and Conservation, 5(4), pp.493–502.;Spain;Temperate;Europe;Europe;Europe;40.627657, -3.084097;terrestrial;terrestrial;forest;invertebrates;Intermediate (20-100 years);intermediate
Bell_2006_a;8;8_amphibians & reptiles_in_Costa Rica; Bell, K. E. and M. A. Donnelly (2006). Influence of forest fragmentation on community structure of frogs and lizards in northeastern Costa Rica. Conserv Biol 20(6): 1750-1760.;Costa Rica;Tropical;North America;Central America;Central America;10.433333, -83.983333;terrestrial;terrestrial;forest;amphibians & reptiles;Intermediate (20-100 years);intermediate
Bell_2006_b;9;9_amphibians & reptiles_in_Costa Rica; Bell, K. E. and M. A. Donnelly (2006). Influence of forest fragmentation on community structure of frogs and lizards in northeastern Costa Rica. Conserv Biol 20(6): 1750-1760.;Costa Rica;Tropical;North America;Central America;Central America;10.433333, -83.983333;terrestrial;terrestrial;forest;amphibians & reptiles;Intermediate (20-100 years);intermediate
Benedick_2006;10;10_invertebrates_in_Indonesia;Benedick, S. et al., 2006. Impacts of rain forest fragmentation on butterflies in northern Borneo: Species richness, turnover and the value of small fragments. Journal of Applied Ecology, 43(5), pp.967–977.;Indonesia;Tropical;Asia;Asia;Asia;5.021743, 117.131520;terrestrial;terrestrial;forest;invertebrates;Intermediate (20-100 years);harsh filter
Benitez-Malvido_2016;11;11_invertebrates_in_Guatemala;Benítez-Malvido et al. - 2016 - The multiple impacts of tropical forest fragmentation on arthropod biodiversity and on their patterns of;Guatemala;Tropical;North America;Central America;Central America;16.100000, -90.933333;terrestrial;terrestrial;forest;invertebrates;Intermediate (20-100 years);intermediate
Berg_1997;12;12_birds_in_Sweden;Berg - 1997 - Diversity and abundance of birds in relation to forest fragmentation, habitat quality and heterogeneity;Sweden;Temperate;Europe;Europe;Europe;59.906161, 17.786129;terrestrial;terrestrial;forest;birds;long (100+ years);intermediate
Bernard_2007;13;13_mammals_in_Brazil;Bernard, E. & Fenton, M.B., 2007. Bats in a fragmented landscape: Species composition, diversity and habitat interactions in savannas of Santar??m, Central Amazonia, Brazil. Biological Conservation, 134(3), pp.332–343.;Brazil;Tropical;South America;South America;South America;-2.490636, -54.928718;terrestrial;terrestrial;shrubland/steppe;mammals;long (100+ years);intermediate
Bolger_1997;14;14_mammals_in_USA;Bolger, D.T. et al., 1997. Response of rodents to habitat fragmentation in caostal southern California. Ecological Applications, 7(2), pp.552–563.;USA;Temperate;North America;North America;North America;32.796730, -117.188241;terrestrial;terrestrial;shrubland/steppe;mammals;Intermediate (20-100 years);harsh filter
Bossart_2006;15;15_invertebrates_in_Ghana;Bossart, J.L. et al., 2006. Richness, abundance, and complementarity of fruit-feeding butterfly species in relict sacred forests and forest reserves of Ghana. Biodiversity and Conservation, 15(1), pp.333–359.;Ghana;Tropical;Africa;Africa;Africa;6.602618, -1.544099;terrestrial;terrestrial;forest;invertebrates;Intermediate (20-100 years);harsh filter
Bossart_2016;16;16_invertebrates_in_Ghana;Bossart, Antwi - 2016 - Limited erosion of genetic and species diversity from small forest patches: Sacred forest groves in an Afrotropical biodiversity hotspot have high conservation value for butter?ies ;Ghana;Tropical;Africa;Africa;Africa;6.602618, -1.544099;terrestrial;terrestrial;forest;invertebrates;Intermediate (20-100 years);intermediate
Bragagnolo_2007;17;17_invertebrates_in_Brazil;Bragagnolo, C. et al., 2007. Harvestmen in an Atlantic forest fragmented landscape: Evaluating assemblage response to habitat quality and quantity. Biological Conservation, 139(3–4), pp.389–400.;Brazil;Tropical;South America;South America;South America;-23.633333, -46.883333;terrestrial;terrestrial;forest;invertebrates;Intermediate (20-100 years);intermediate
Brosi_2009;18;18_invertebrates_in_Costa Rica;Brosi, B.J., 2009. The effects of forest fragmentation on euglossine bee communities (Hymenoptera: Apidae: Euglossini). Biological Conservation, 142(2), pp.414-423.;Costa Rica;Tropical;North America;Central America;Central America;8.783333, -82.950000;terrestrial;terrestrial;forest;invertebrates;Intermediate (20-100 years);intermediate
Cabrera-Guzman_2012;19;19_amphibians & reptiles_in_Mexico;Cabrera-Guzmán, E. & Reynoso, V.H., 2012. Amphibian and reptile communities of rainforest fragments: Minimum patch size to support high richness and abundance. Biodiversity and Conservation, 21(12), pp.3243–3265.;Mexico;Tropical;North America;Central America;Central America;18.583840, -95.090116;terrestrial;terrestrial;forest;amphibians & reptiles;Intermediate (20-100 years);harsh filter
Cadotte_2002_a;20;20_plants_in_Madagascar;Cadotte M.W., Franck R., Reza L., & Lovett-Doust J. (2002) Tree and shrub diversity and abundance in fragmented littoral forest of southeastern Madagascar. Biodiversity and Conservation, 11, 1417–1436. ;Republic of Madagascar;Tropical;Africa;Africa;Africa;-24.782877, 47.150197;terrestrial;terrestrial;forest;plants;Intermediate (20-100 years);harsh filter
Cadotte_2002_b;21;21_plants_in_Madagascar;Cadotte M.W., Franck R., Reza L., & Lovett-Doust J. (2002) Tree and shrub diversity and abundance in fragmented littoral forest of southeastern Madagascar. Biodiversity and Conservation, 11, 1417–1436. ;Republic of Madagascar;Tropical;Africa;Africa;Africa;-24.782877, 47.150197;terrestrial;terrestrial;forest;plants;Intermediate (20-100 years);harsh filter
Carneiro_2016;22;22_plants_in_Brazil;Carneiro M. S., Campos C.C., Ramos F.N., & Dos Santos F.A. (2016) Spatial species turnover maintains high diversities in a tree assemblage of a fragmented tropical landscape. Ecography, 7, 2–2. ;Brazil;Tropical;South America;South America;South America;-21.429167, -45.947222;terrestrial;terrestrial;forest;plants;Intermediate (20-100 years);intermediate
Cayuela_2006;23;23_plants_in_Mexico;Cayuela, L., Golicher, D. J., BENAYAS, J., REY, M., GONZÁLEZ?ESPINOSA, M. A. R. I. O., & RAMÍREZ?MARCIAL, N. E. P. T. A. L. Í. (2006). Fragmentation, disturbance and tree diversity conservation in tropical montane forests. Journal of Applied Ecology, 43(6), 1172-1181.;Mexico;Tropical;North America;Central America;Central America;17.097673, -93.002523;terrestrial;terrestrial;forest;plants;Intermediate (20-100 years);intermediate
Chiarello_1999;24;24_mammals_in_Brazil;Chiarello, A. G., (1999) Effects of fragmentation of the Atlantic forest on mammal communities in south-eastern Brazil. Biological Conservation, 89(1), 71-82.;Brazil;Tropical;South America;South America;South America;-19.129570, -39.933412;terrestrial;terrestrial;forest;mammals;long (100+ years);intermediate
Cosson_1999;26;26_amphibians & reptiles_in_French Guiana;Cosson, J.F. et al., 1999. Ecological changes in recent land-bridge islands in French Guiana, with emphasis on vertebrate communities. Biological Conservation, 91(2–3), pp.213–222.;French Guiana;Tropical;South America;South America;South America;4.850000, -53.066667;terrestrial;aquatic;forest;amphibians & reptiles;Recent (less than 20 years);harsh filter
Dami_2012;27;27_birds_in_Nigeria;Dami, F. D., Mwansat, G. S., & Manu, S. A. (2013). The effects of forest fragmentation on species richness on the Obudu Plateau, south?eastern Nigeria. African Journal of Ecology, 51(1), 32-36.;Nigeria;Tropical;Africa;Africa;Africa;6.500000, 9.250000;terrestrial;terrestrial;forest;birds;Intermediate (20-100 years);intermediate
Dauber_2006;28;28_invertebrates_in_Sweden;Dauber, J., Bengtsson, J. A. N., & Lenoir, L. (2006). Evaluating Effects of Habitat Loss and Land?Use Continuity on Ant Species Richness in Seminatural Grassland Remnants. Conservation Biology, 20(4), 1150-1160.;Sweden;Temperate;Europe;Europe;Europe;59.383333, 17.133333;terrestrial;terrestrial;grassland;invertebrates;Intermediate (20-100 years);light filter
Davies_2003;29;29_invertebrates_in_French Guiana;Davies, R.G. et al., 2003. Environmental and spatial influences upon species composition of a termite assemblage across neotropical forest islands. Journal of Tropical Ecology, 19(5), pp.509–524. Available at: http://www.journals.cambridge.org/abstract_S0266467403003560.;French Guiana;Tropical;South America;South America;South America;4.983333, -53.133333;terrestrial;aquatic;forest;invertebrates;Recent (less than 20 years);harsh filter
DeLaSancha_2014;30;30_mammals_in_Paraquay;de La Sancha, N.U., 2014. Patterns of small mammal diversity in fragments of subtropical Interior Atlantic Forest in eastern Paraguay. Mammalia, 78(4), pp.437–449.;Paraquay;Tropical;South America;South America;South America;-22.175047, -58.242010;terrestrial;terrestrial;forest;mammals;Recent (less than 20 years);light filter
Lima_1999_a;31;31_mammals_in_Brazil;de Lima, M.G. & Gascon, C., 1999. The conservation of linear forest remnants in  central Amazonia. Biological conservation, 91(di), pp.241–247.;Brazil;Tropical;South America;South America;South America;-2.147458, -59.879216;terrestrial;terrestrial;forest;mammals;Recent (less than 20 years);intermediate
Lima_1999_b;32;32_amphibians & reptiles_in_Brazil;de Lima, M.G. & Gascon, C., 1999. The conservation of linear forest remnants in  central Amazonia. Biological conservation, 91(di), pp.241–247.;Brazil;Tropical;South America;South America;South America;-2.147458, -59.879216;terrestrial;terrestrial;forest;amphibians & reptiles;Recent (less than 20 years);intermediate
DeSouza_1994;33;33_invertebrates_in_Brazil;de Souza, O.F.F. & Brown, V.K., 1994. Effects of habitat fragmentation on Amazonian termite communities. Journal of Tropical Ecology, 10, p.197.;Brazil;Tropical;South America;South America;South America;-2.416667, -59.833333;terrestrial;terrestrial;forest;invertebrates;Recent (less than 20 years);intermediate
Dickman_1987;34;34_mammals_in_Great Britain;Dickman, C. R. (1987). Habitat fragmentation and vertebrate species richness in an urban environment. Journal of Applied Ecology, 337-351.;Great Britain;Temperate;Europe;Europe;Europe;51.746995, -1.251366;terrestrial;terrestrial;shrubland/steppe;mammals;Intermediate (20-100 years);harsh filter
Didham_1999;35;35_invertebrates_in_Brazil;Didham, R. K., Hammond, P. M., Lawton, J. H., Eggleton, P., & Stork, N. E. (1998). Beetle species responses to tropical forest fragmentation. Ecological Monographs, 68(3), 295-323.;Brazil;Tropical;South America;South America;South America;-2.416667, -59.833333;terrestrial;terrestrial;forest;invertebrates;Recent (less than 20 years);intermediate
Dixo_2009;36;36_amphibians & reptiles_in_Brazil;Dixo, M. & Metzger, J.P., 2009. Are corridors, fragment size and forest structure important for the conservation of leaf-litter lizards in a fragmented landscape? Oryx, 43(3), p.435. Available at: http://www.journals.cambridge.org/abstract_S0030605309431508.;Brazil;Tropical;South America;South America;South America;-23.751767, -46.215698;terrestrial;terrestrial;forest;amphibians & reptiles;long (100+ years);intermediate
Dominguez-Haydar_2011;37;37_invertebrates_in_Colombia;Dominguez-Haydar, Y. & Armbrecht, I., 2011. Response of Ants and Their Seed Removal in Rehabilitation Areas and Forests at El Cerrejón Coal Mine in Colombia. Restoration Ecology, 19(201), pp.178–184.;Colombia;Tropical;South America;South America;South America;11.761404, -71.884585;terrestrial;terrestrial;shrubland/steppe;invertebrates;Recent (less than 20 years);light filter
Echeverria_2011;38;38_plants_in_Chile;Echeverría, C. et al., 2007. Impacts of forest fragmentation on species composition and forest structure in the temperate landscape of southern Chile. Global Ecology and Biogeography, 16(4), pp.426–439.;Chile;Temperate;South America;South America;South America;-41.500000, -73.000000;terrestrial;terrestrial;forest;plants;Intermediate (20-100 years);light filter
Edwards_2010;39;39_plants_in_Borneo;Edwards, D.P. et al., 2010. Wildlife-friendly oil palm plantations fail to protect biodiversity effectively. Conservation Letters, 3(4), pp.236–242.;Malaysia;Tropical;Asia;Asia;Asia;4.966667, 117.800000;terrestrial;terrestrial;forest;plants;Intermediate (20-100 years);intermediate
Estrada_2002_a;40;40_mammals_in_Mexico;Estrada, A. & Coates-Estrada, R., 2002. Bats in continuous forest, forest fragments and in an agricultural mosaic habitat-island at Los Tuxtlas, Mexico. Biological Conservation, 103, pp.237–245.;Mexico;Tropical;North America;Central America;Central America;18.416667, -95.000000;terrestrial;terrestrial;forest;mammals;Intermediate (20-100 years);light filter
Estrada_2002_b;41;41_invertebrates_in_Mexico;Estrada, A. & Coates-Estrada, R., 2002. Dung beetles in continuous forest, forest fragments and in an agricultural mosaic habitat island at Los Tuxtlas, Mexico. Biodiversity and Conservation, 11(11), pp.1903–1918.;Mexico;Tropical;North America;Central America;Central America;18.416667, -95.000000;terrestrial;terrestrial;forest;invertebrates;Intermediate (20-100 years);light filter
Filgueiras_2011;44;44_invertebrates_in_Brazil;Filgueiras, B.K.C., Iannuzzi, L. & Leal, I.R., 2011. Habitat fragmentation alters the structure of dung beetle communities in the Atlantic Forest. Biological Conservation, 144(1), pp.362–369. Available at: http://dx.doi.org/10.1016/j.biocon.2010.09.013.;Brazil;Tropical;South America;South America;South America;-8.500000, -35.833333;terrestrial;terrestrial;forest;invertebrates;long (100+ years);intermediate
Fonseca_1990;45;45_mammals_in_Brazil;da Fonseca, G.A.B. & Robinson, J.G., 1990. Forest size and structure: Competitive and predatory effects on small mammal communities. Biological Conservation, 53(4), pp.265–294.;Brazil;Tropical;South America;South America;South America;-19.000000, -42.000000;terrestrial;terrestrial;forest;mammals;Intermediate (20-100 years);intermediate
Fujita_2008;46;46_invertebrates_in_Japan;Fujita, A. et al., 2008. Effects of forest fragmentation on species richness and composition of ground beetles (Coleoptera: Carabidae and Brachinidae) in urban landscapes. Entomological Science, 11(1), pp.39–48.;Japan;Temperate;Asia;Asia;Asia;34.925903, 135.220795;terrestrial;terrestrial;forest;invertebrates;Intermediate (20-100 years);harsh filter
Lion_2014;48;48_amphibians & reptiles_in_Brazil;Lion, M.B., Garda, A.A. & Fonseca, C.R., 2014. Split distance: A key landscape metric shaping amphibian populations and communities in forest fragments. Diversity and Distributions, 20(11), pp.1245–1257.;Brazil;Tropical;South America;South America;South America;-24.368915, -48.680457;terrestrial;terrestrial;forest;amphibians & reptiles;long (100+ years);intermediate
Gavish_2012_a;49;49_invertebrates_in_Israel;Gavish, Y., Ziv, Y. & Rosenzweig, M.L., 2012. Decoupling Fragmentation from Habitat Loss for Spiders in Patchy Agricultural Landscapes. Conservation Biology, 26(1), pp.150–159.;Israel;Temperate;Asia;Asia;Asia;31.056756, 34.606002;terrestrial;terrestrial;shrubland/steppe;invertebrates;Intermediate (20-100 years);intermediate
Gavish_2012_c;50;50_invertebrates_in_Israel;Gavish, Y., Ziv, Y. & Rosenzweig, M.L., 2012. Decoupling Fragmentation from Habitat Loss for Spiders in Patchy Agricultural Landscapes. Conservation Biology, 26(1), pp.150–159.;Israel;Temperate;Asia;Asia;Asia;31.056756, 34.606002;terrestrial;terrestrial;shrubland/steppe;invertebrates;Intermediate (20-100 years);intermediate
Gavish_2012_b;51;51_invertebrates_in_Israel;Gavish, Y., Ziv, Y. & Rosenzweig, M.L., 2012. Decoupling Fragmentation from Habitat Loss for Spiders in Patchy Agricultural Landscapes. Conservation Biology, 26(1), pp.150–159.;Israel;Temperate;Asia;Asia;Asia;31.056756, 34.606002;terrestrial;terrestrial;shrubland/steppe;invertebrates;Intermediate (20-100 years);intermediate
Gibson_2013;52;52_mammals_in_Thailand;Gibson, L., Lynam, A.J., Bradshaw, C.J. A, He, F., Bickford, D.P., Woodruff, D.S., Bumrungsri, S., Laurance, W.F., 2013. Near-complete extinction of native small mammal fauna 25 years after forest fragmentation. Science 341, 1508–10. doi:10.1126/science.1240495;Thailand;Tropical;Asia;Asia;Asia;8.652851, 98.747695;terrestrial;aquatic;forest;mammals;Intermediate (20-100 years);harsh filter
Giladi_2011_a;53;53_plants_in_Israel;Giladi, I. et al., 2011. Scale-dependent determinants of plant species richness in a semi-arid fragmented agro-ecosystem. Journal of Vegetation Science, 22(6), pp.983–996.;Israel;Temperate;Asia;Asia;Asia;31.056756, 34.606002;terrestrial;terrestrial;shrubland/steppe;plants;Intermediate (20-100 years);intermediate
Giladi_2011_c;54;54_plants_in_Israel;Giladi, I. et al., 2011. Scale-dependent determinants of plant species richness in a semi-arid fragmented agro-ecosystem. Journal of Vegetation Science, 22(6), pp.983–996.;Israel;Temperate;Asia;Asia;Asia;31.056756, 34.606002;terrestrial;terrestrial;shrubland/steppe;plants;Intermediate (20-100 years);intermediate
Giladi_2011_b;55;55_plants_in_Israel;Giladi, I. et al., 2011. Scale-dependent determinants of plant species richness in a semi-arid fragmented agro-ecosystem. Journal of Vegetation Science, 22(6), pp.983–996.;Israel;Temperate;Asia;Asia;Asia;31.056756, 34.606002;terrestrial;terrestrial;shrubland/steppe;plants;Intermediate (20-100 years);intermediate
Giraudo_2008;56;56_birds_in_Argentina;Giraudo, A.R. et al., 2008. Comparing bird assemblages in large and small fragments of the Atlantic Forest hotspots. Biodiversity and Conservation, 17(5), pp.1251–1265.;Argentinia;Temperate;South America;South America;South America;-27.083333, -54.883333;terrestrial;terrestrial;forest;birds;Intermediate (20-100 years);intermediate
Goncalves-Souza_2007;57;57_invertebrates_in_Brazil;Gonçalves-Souza, T., Matallana, G., & Brescovit, A. D. (2008). Effects of habitat fragmentation on the spider community (Arachnida, Araneae) in three Atlantic forest remnants in Southeastern Brazil. Revista ibérica de aracnología, 16, 35-42.;Brazil;Tropical;South America;South America;South America;-19.950000, -40.516667;terrestrial;terrestrial;forest;invertebrates;Intermediate (20-100 years);intermediate
Goodman_2000;58;58_mammals_in_Republic of Madagascar;Goodman, S.M. & Rakotondravony, D., 2000. The effects of forest fragmentation and isolation on insectivorous small mammals (Lipotyphla) on the Central High Plateau of Madagascar. Journal of Zoology, 250(2), pp.193–200. Available at: http://doi.wiley.com/10.1017/S0952836900002041.;Republic of Madagascar;Tropical;Africa;Africa;Africa;-18.150000, 47.266667;terrestrial;terrestrial;forest;mammals;Intermediate (20-100 years);intermediate
Guadagnin_2005;59;59_birds_in_Brazil;Guadagnin D.L., Peter Â.S., Perello L.F.C., & Maltchik L. (2005) Spatial and Temporal Patterns of Waterbird Assemblages in Fragmented Wetlands of Southern Brazil. Waterbirds, 28, 261–272. ;Brazil;Temperate;South America;South America;South America;-30.066667, -50.666667;aquatic;terrestrial;wetland;birds;Intermediate (20-100 years);intermediate
Halme_1993;60;60_invertebrates_in_Finland;Halme, E., Niemela, J. & Haime, E., 1993. Carabid Beetles in Fragments of Coniferous Forest. Annales Zoologici Fennici, 30(1), pp.17–30.;Finland;Temperate;Europe;Europe;Europe;60.182573, 24.650374;terrestrial;terrestrial;forest;invertebrates;long (100+ years);intermediate
Henry_2007;61;61_mammals_in_French Guiana;Henry, M., Pons, J.-M., Cosson, J.-F., 2007b. Foraging behaviour of a frugivorous bat helps bridge landscape connectivity and ecological processes in a fragmented rainforest. J. Anim. Ecol. 76, 801–13. doi:10.1111/j.1365-2656.2007.01258.x AND Henry, M., Cosson, J.-F., Pons, J.-M., 2007a. Abundance may be a misleading indicator of fragmentation-sensitivity: The case of fig-eating bats. Biol. Conserv. 139, 462–467. doi:10.1016/j.biocon.2007.06.024;French Guiana;Tropical;South America;South America;South America;4.850000, -53.066667;terrestrial;aquatic;forest;mammals;Recent (less than 20 years);harsh filter
Horvath_2009;62;62_invertebrates_in_Hungary;Horváth, R. et al., 2009. Spiders are not less diverse in small and isolated grasslands, but less diverse in overgrazed grasslands: A field study (East Hungary, Nyirseg). Agriculture, Ecosystems and Environment, 130(1–2), pp.16–22.;Hungary;Temperate;Europe;Europe;Europe;47.843795, 21.774958;terrestrial;terrestrial;grassland;invertebrates;Intermediate (20-100 years);intermediate
Jung_2014;63;63_invertebrates_in_South Korea;Jung, J.K. et al., 2014. A comparison of diversity and species composition of ground beetles (Coleoptera: Carabidae) between conifer plantations and regenerating forests in Korea. Ecological Research, 29(5), pp.877–887.;South Korea;Temperate;Asia;Asia;Asia;36.397455, 128.018222;terrestrial;terrestrial;forest;invertebrates;Intermediate (20-100 years);light filter
Kappes_2009;64;64_amphibians & reptiles_in_Germany;Kappes, H. et al., 2009. Response of snails and slugs to fragmentation of lowland forests in NW Germany. Landscape Ecology, 24(5), pp.685–697.;Germany;Temperate;Europe;Europe;Europe;50.884680, 6.540674;terrestrial;terrestrial;forest;invertebrates;long (100+ years);light filter
Klein_1989;65;65_invertebrates_in_Brazil;Klein, B.C.., 2014. Effects of Forest Fragmentation on Dung and Carrion Beetle Communities in Central Amazonia. Jstor, 70(6), pp.1715–1725.;Brazil;Tropical;South America;South America;South America;-2.416667, -59.833333;terrestrial;terrestrial;forest;invertebrates;Recent (less than 20 years);intermediate
Knapp_2015_a;66;66_invertebrates_in_Czech Republik;Knapp, M. & Rezac, M., 2015. Even the smallest non-crop habitat islands could be beneficial: Distribution of carabid beetles and spiders in agricultural landscape. PLoS ONE, 10(4), pp.1–20.;Czech Republik;Temperate;Europe;Europe;Europe;49.610094, 14.416650;terrestrial;terrestrial;forest;invertebrates;long (100+ years);intermediate
Knapp_2015_b;66;66_invertebrates_in_Czech Republik;Knapp, M. & Rezac, M., 2015. Even the smallest non-crop habitat islands could be beneficial: Distribution of carabid beetles and spiders in agricultural landscape. PLoS ONE, 10(4), pp.1–20.;Czech Republik;Temperate;Europe;Europe;Europe;49.610094, 14.416650;terrestrial;terrestrial;forest;invertebrates;long (100+ years);intermediate
Lasky_2010;67;67_birds_in_Panama;Lasky, J.R. & Keitt, T.H., 2010. Abundance of Panamanian dry-forest birds along gradients of forest cover at multiple scales. Journal of Tropical Ecology, 26(1), pp.67–78. Available at: http://www.journals.cambridge.org/abstract_S0266467409990368.;Panama;Tropical;North America;Central America;Central America;8.084438, -80.515239;terrestrial;terrestrial;forest;birds;Intermediate (20-100 years);intermediate
Lima_2015;70;70_amphibians & reptiles_in_Brazil;Lima, J., Galatti, U., Lima, C., Faveri, S., Vasconcelos, H., Neckel-Oliveira, S., 2015. Amphibians on Amazonian Land-Bridge Islands are Affected More by Area Than Isolation. Biotropica 47, 369–376;Brazil;Tropical;South America;South America;South America;-4.033333, -49.083333;terrestrial;aquatic;forest;amphibians & reptiles;Recent (less than 20 years);harsh filter
Lovei_2000;72;72_invertebrates_in_New Zealand;Lövei, G.L., 2000. Ground Beetles (Coleoptera, Carabidae) in Forest Fragments of the Manuwatu, New Zealand: Collapsed Assemblages? Journal of Insect Conservation ·, 1225(June 2017), pp.41–42.;New Zealand;Temperate;Oceania;Oceania;Australia;-40.383333, 175.633333;terrestrial;terrestrial;forest;invertebrates;long (100+ years);intermediate
Manu_2007;74;74_birds_in_Nigeria;Manu S., Peach W., & Cresswell W. (2007) The effects of edge, fragment size and degree of isolation on avian species richness in highly fragmented forest in West Africa. Ibis, 149, 287–297. ;Nigeria;Tropical;Africa;Africa;Africa;7.118696, 2.990540;terrestrial;terrestrial;forest;birds;Intermediate (20-100 years);intermediate
Martensen_2012;76;76_birds_in_Brazil;Martensen A.C., Ribeiro M.C., Banks-Leite C., Prado P.I., & Metzger J.P. (2012) Associations of Forest Cover, Fragment Area, and Connectivity with Neotropical Understory Bird Species Richness and Abundance. Conservation Biology, 26, 1100–1111. ;Brazil;Tropical;South America;South America;South America;-23.316001, -46.952378;terrestrial;terrestrial;forest;birds;Intermediate (20-100 years);intermediate
McCollin_1993;77;77_plants_in_Great Britain;McCollin, D., 1993. Avian Distribution Patterns in a Fragmented Wooded Landscape (North Humberside, U.K.): The Role of Between-Patch and Within-Patch Structure. Global Ecology and Biogeography Letters, 3(2), pp.48–62.;Great Britain;Temperate;Europe;Europe;Europe;53.824570, -0.327274;terrestrial;terrestrial;forest;plants;long (100+ years);intermediate
McIntyre_1995;78;78_birds_in_USA;McIntyre, N.E., 1995. Effects of forest patch size on avian diversity. Landscape Ecology, 10(2), pp.85–99. Available at: http://link.springer.com/10.1007/BF00153826.;USA;Temperate;North America;North America;North America;33.855822, -83.502716;terrestrial;terrestrial;forest;birds;long (100+ years);intermediate
Meyer_2008;79;79_mammals_in_Panama;Meyer, C.F.J., Kalko, E.K. V., 2008a. Assemblage-level responses of phyllostomid bats to tropical forest fragmentation: land-bridge islands as a model system. J. Biogeogr. 35, 1711–1726. doi:10.1111/j.1365-2699.2008.01916.x AND Meyer, C.F.J., Kalko, E.K. V., 2008b. Bat assemblages on Neotropical land-bridge islands: nested subsets and null model analyses of species co-occurrence patterns. Divers. Distrib. 14, 644–654. doi:10.1111/j.1472-4642.2007.00462.x;Panama;Tropical;North America;Central America;Central America;9.214006, -79.860800;terrestrial;aquatic;forest;mammals;Intermediate (20-100 years);harsh filter
Montgomery_2014;81;81_invertebrates_in_Malaysia;Montgomery, M.J., 2014. Assessing biodiversity and ecosystem functioning in fragmented tropical landscapes. Doctoral Thesis.;Malaysia;Tropical;Asia;Asia;Asia;5.350869, 116.601013;terrestrial;terrestrial;forest;invertebrates;Recent (less than 20 years);intermediate
Nemesio_2007;82;82_invertebrates_in_Brazil;Nemésio, A., and F. A. Silveira. 2007. Orchid bee fauna (Hymenoptera: Apidae: Euglossina) of Atlantic Forest fragments inside an urban area in southeastern Brazil. Neotropical Entomology 36:186–191.;Brazil;Tropical;South America;South America;South America;-19.883333, -43.966667;terrestrial;terrestrial;forest;invertebrates;Intermediate (20-100 years);intermediate
Nemesio_2010;83;83_invertebrates_in_Brazil;Nemésio, A. & Silveira, Fernando, A., 2010. Forest Fragments with Larger Core Areas Better Sustain Diverse Orchid Bee Faunas (Hymenoptera: Apidae: Euglossina). Neotropical Entomology, 39(4), pp.555–561.;Brazil;Tropical;South America;South America;South America;-20.181011, -43.006316;terrestrial;terrestrial;forest;invertebrates;long (100+ years);intermediate
Neuschulz_2011;84;84_birds_in_South Africa;Neuschulz, E.L., Botzat, A. & Farwig, N., 2011. Effects of forest modification on bird community composition and seed removal in a heterogeneous landscape in South Africa. Oikos, 120(9), pp.1371–1379.;South Africa;Temperate;Africa;Africa;Africa;-30.666667, 30.300000;terrestrial;terrestrial;forest;birds;Intermediate (20-100 years);intermediate
Nogueira_2016;86;86_invertebrates_in_Brazil;Amaral Nogueira, A. do & Pinto-da-Rocha, R., 2016. The effects of habitat size and quality on the orb-weaving spider guild (Arachnida: Araneae) in an Atlantic Forest fragmented landscape. Journal of Arachnology, 44(1), pp.36–45. Available at: http://www.bioone.org/doi/10.1636/P15-19.1.;Brazil;Tropical;South America;South America;South America;-23.833333, -47.216667;terrestrial;terrestrial;forest;invertebrates;long (100+ years);intermediate
Nufio_2009;87;87_invertebrates_in_USA;Nufio, R.C., McClenahan, L.J. & Thurston, G.E., 2009. Determining the effects of habitat fragment area on grasshopper species density and richness: A comparison of proportional and uniform sampling methods. Insect Conservation and Diversity, 2(4), pp.295–304.;USA;Temperate;North America;North America;North America;39.556578, -104.611491;terrestrial;terrestrial;grassland;invertebrates;Intermediate (20-100 years);harsh filter
Nyeko_2009;88;88_invertebrates_in_Uganda;Nyeko P. (2009) Dung beetle assemblages and seasonality in primary forest and forest fragments on agricultural landscapes in Budongo, Uganda. Biotropica, 41, 476–484. ;Uganda;Tropical;Africa;Africa;Africa;1.750000, 31.500000;terrestrial;terrestrial;forest;invertebrates;Intermediate (20-100 years);intermediate
Nyelele_2014;89;89_plants_in_Zimbabwe;Nyelele, C. et al., 2014. Woodland fragmentation explains tree species diversity in an agricultural landscape of Southern Africa. Tropical Ecology, 55(3), pp.365–374.;Zimbabwe;Tropical;Africa;Africa;Africa;-19.983333, 32.833333;terrestrial;terrestrial;shrubland/steppe;plants;Intermediate (20-100 years);intermediate
Owen_2008;90;90_invertebrates_in_Great Britain;Owen, C.L., 2008. Mapping biodiversity in a modified landscape. Thesis for M.Sc. degree at the Imperial College London, London.;Great Britain;Temperate;Europe;Europe;Europe;51.408992, -0.638265;terrestrial;terrestrial;forest;invertebrates;long (100+ years);intermediate
Paciencia_2005;91;91_plants_in_Brazil;Paciencia, M.L.B. & Prado, J., 2005. Effects of forest fragmentation on pteridophyte diversity in a tropical rain forest in Brazil. Plant Ecology, 180(1), pp.87–104.;Brazil;Tropical;South America;South America;South America;-15.200352, -39.090444;terrestrial;terrestrial;forest;plants;Intermediate (20-100 years);light filter
Pardini_2004;92;92_mammals_in_Brazil;Pardini, R., 2004. Effects of forest fragmentation on small mammals in an Atlantic Forest landscape. Biodiversity and Conservation, 13(13), pp.2567–2586.;Brazil;Tropical;South America;South America;South America;-15.200352, -39.090444;terrestrial;terrestrial;forest;mammals;Intermediate (20-100 years);light filter
Pineda_2004;93;93_amphibians & reptiles_in_Mexico;Pineda, E. & Halffter, G., 2004. Species diversity and habitat fragmentation: Frogs in a tropical montane landscape in Mexico. Biological Conservation, 117(5), pp.499–508.;Mexico;Tropical;North America;Central America;Central America;19.566667, -96.933333;terrestrial;terrestrial;forest;amphibians & reptiles;Intermediate (20-100 years);intermediate
Raheem_2009;94;94_invertebrates_in_Sri Lanka;Raheem, D.C. et al., 2009. Fragmentation and pre-existing species turnover determine land-snail assemblages of tropical rain forest. Journal of Biogeography, 36(10), pp.1923–1938.;Sri Lanka;Tropical;Asia;Asia;Asia;6.415090, 80.442794;terrestrial;terrestrial;forest;invertebrates;long (100+ years);intermediate
Rocha_2016;95;95_mammals_in_Brazil;Rocha, R. et al., 2017. Consequences of a large-scale fragmentation experiment for Neotropical bats: disentangling the relative importance of local and landscape-scale effects. Landscape Ecology, 32(1), pp.31–45.;Brazil;Tropical;South America;South America;South America;-2.500000, -60.000000;terrestrial;terrestrial;forest;mammals;Intermediate (20-100 years);light filter
Sam_2014;96;96_birds_in_Papua New Guinea;Sam K., Koane B., Jeppy S., & Novotny V. (2014) Effect of forest fragmentation on bird species richness in Papua New Guinea. J. Field Ornithol, 85, 152–167. ;Papua New Guinea;Tropical;Oceania;Oceania;Asia;-5.225000, 145.081667;terrestrial;terrestrial;forest;birds;Intermediate (20-100 years);intermediate
Schnitzler_2008_a;98;98_invertebrates_in_New Zealand;Schnitzler, F.R., 2008. Hymenopteran parasitoid diversity and tri-trophic interactions: the effects of habitat fragmentation in Wellington, New Zealand. Ecology and Biodiversity, p.276.;New Zealand;Temperate;Oceania;Oceania;Australia;-41.246350, 174.789313;terrestrial;terrestrial;forest;invertebrates;long (100+ years);intermediate
Schnitzler_2008_b;99;99_plants_in_New Zealand;Schnitzler, F.R., 2008. Hymenopteran parasitoid diversity and tri-trophic interactions: the effects of habitat fragmentation in Wellington, New Zealand. Ecology and Biodiversity, p.276.;New Zealand;Temperate;Oceania;Oceania;Australia;-41.246350, 174.789313;terrestrial;terrestrial;forest;plants;long (100+ years);intermediate
Silva_2009;100;100_plants_in_Brazil;Silva M.P.P. & Porto K.C. (2009) Effect of fragmentation on the community structure of epixylic bryophytes in Atlantic Forest remnants in the Northeast of Brazil. Biodiversity and Conservation, 18, 317–337. ;Brazil;Tropical;South America;South America;South America;-9.203657, -35.901502;terrestrial;terrestrial;forest;plants;Intermediate (20-100 years);harsh filter
Silva_2016;101;101_invertebrates_in_Brazil;Silva, R.J., Storck-Tonon, D. & Vaz-de-Mello, F.Z., 2016. Dung beetle (Coleoptera: Scarabaeinae) persistence in Amazonian forest fragments and adjacent pastures: biogeographic implications for alpha and beta diversity. Journal of Insect Conservation, 20(4), pp.549–564.;Brazil;Tropical;South America;South America;South America;-14.983333, -57.983333;terrestrial;terrestrial;forest;invertebrates;Intermediate (20-100 years);intermediate
Silveira_2015;102;102_invertebrates_in_Brazil;Silveira, G. C., R. F. Freitas, T. H. A. Tosta, L. S. Rabelo, M. C. Gaglianone, and S. C. Augusto. 2015. The orchid bee fauna in the Brazilian savanna: do forest formations contribute to higher species diversity? Apidologie 46:197–208.;Brazil;Tropical;South America;South America;South America;-19.570964, -48.107725;terrestrial;terrestrial;forest;invertebrates;Intermediate (20-100 years);intermediate
Slade_2013;103;103_invertebrates_in_Great Britain;Slade, E. M., Merckx, T., Riutta, T., Bebber, D. P., Redhead, D., Riordan, P., & Macdonald, D. W., 2013. Life-history traits and landscape characteristics predict macro-moth responses to forest fragmentation. Ecology, 94(7), 1519-1530.;Great Britain;Temperate;Europe;Europe;Europe;51.766667, -1.333333;terrestrial;terrestrial;forest;invertebrates;long (100+ years);intermediate
Stireman_2014;104;104_invertebrates_in_USA;Stireman J.O., Devlin H., & Doyle A.L. (2014) Habitat fragmentation, tree diversity, and plant invasion interact to structure forest caterpillar communities. Oecologia, 176, 207–224. ;USA;Temperate;North America;North America;North America;39.583333, -84.000000;terrestrial;terrestrial;forest;invertebrates;Intermediate (20-100 years);intermediate
Storck-Tonon_2017;105;105_invertebrates_in_Brazil;Storck-Tonon, D., and C. A. Peres. 2017. Forest patch isolation drives local extinctions of Amazonian orchid bees in a 26 years old archipelago. Biological Conservation 214:270–277.;Brazil;Tropical;South America;South America;South America;-1.800000, -59.483333;terrestrial;aquatic;forest;invertebrates;Intermediate (20-100 years);harsh filter
Struebig_2008;106;106_mammals_in_Malaysia;Struebig, M.J. et al., 2009. Conservation importance of limestone karst outcrops for Palaeotropical bats in a fragmented landscape. Biological Conservation, 142(10), pp.2089–2096.;Malaysia;Tropical;Asia;Asia;Asia;3.642027, 102.339145;terrestrial;terrestrial;forest;mammals;Recent (less than 20 years);intermediate
Telleria_1995;107;107_birds_in_Spain;Tellería, J.L. & Santos, T., 1995. Effects of forest fragmentation on a guild of wintering passerines: The role of habitat selection. Biological Conservation, 71(1), pp.61–67.;Spain;Temperate;Europe;Europe;Europe;42.083333, -3.750000;terrestrial;terrestrial;forest;birds;Intermediate (20-100 years);intermediate
Tonhasca_2002;108;108_invertebrates_in_Brazil;Tonhasca, A., Blackmer, J.L. & Albuquerque, G.S., 2003. Abundance and Diversity of Euglossine Bees in the Fragmented Landscape of the Brazilian Atlantic Forest Abundance and Diversity of Euglossine Bees in the Fragmented. , 34(3), pp.416–422.;Brazil;Tropical;South America;South America;South America;-21.883333, -41.800000;terrestrial;terrestrial;forest;invertebrates;long (100+ years);intermediate
Uehara-Prado_2007;109;109_invertebrates_in_Brazil;Uehara-Prado, M., Brown, K.S. & Freitas, A.V.L., 2007. Species richness, composition and abundance of fruit-feeding butterflies in the Brazilian Atlantic Forest: Comparison between a fragmented and a continuous landscape. Global Ecology and Biogeography, 16(1), pp.43–54.;Brazil;Tropical;South America;South America;South America;-23.716667, -47.000000;terrestrial;terrestrial;forest;invertebrates;Recent (less than 20 years);intermediate
Ulrich_2016;110;110_birds_in_Kenya;Ulrich, W., L. Lens, J. A. Tobias, and J. C. Habel. 2016. Contrasting patterns of species richness and functional diversity in bird communities of east African cloud forest fragments. PLoS ONE 11:1–16.;Kenya;Tropical;Africa;Africa;Africa;-3.287648, 38.318504;terrestrial;terrestrial;forest;birds;long (100+ years);harsh filter
Usher_1998;111;111_invertebrates_in_Great Britain;Usher M.B. & Keiller S.W.J. (1998) The macrolepidoptera of farm woodlands: Determinants of diversity and community structure. Biodiversity and Conservation, 7, 725–748. ;Great Britain;Temperate;Europe;Europe;Europe;53.911114, -1.232736;terrestrial;terrestrial;forest;invertebrates;long (100+ years);intermediate
Vallan_2000;112;112_amphibians & reptiles_in_Republic of Madagascar;Vallan, D., 2000. Influence of forest fragmentation on amphibian diversity in the nature reserve of Ampohitantely, highland Madagaskar. Biological Conservation, 96, pp.31–43.;Republic of Madagascar;Tropical;Africa;Africa;Africa;-17.801548, 46.956461;terrestrial;terrestrial;forest;amphibians & reptiles;Intermediate (20-100 years);intermediate
Vieira_2009;114;114_mammals_in_Brazil;Vieira, M. V. et al., 2009. Land use vs. fragment size and isolation as determinants of small mammal composition and richness in Atlantic Forest remnants. Biological Conservation, 142(6), pp.1191–1200.;Brazil;Tropical;South America;South America;South America;-1.232736, -53.911114;terrestrial;terrestrial;forest;mammals;Intermediate (20-100 years);intermediate
Vulinec_2008;115;115_invertebrates_in_Brazil;Vulinec, K. et al., 2008. Dung Beetles and Long-term Habitat Fragmentation in and. Science, 1(2), pp.111–121.;Brazil;Tropical;South America;South America;South America;-2.516667, -55.000000;terrestrial;terrestrial;forest;invertebrates;long (100+ years);intermediate
Williams_2011;116;116_invertebrates_in_Australia;Williams, M.R., 2011. Habitat resources, remnant vegetation condition and area determine distribution patterns and abundance of butterflies and day-flying moths in a fragmented urban landscape, south-west Western Australia. Journal of Insect Conservation, 15(1), pp.37–54.;Australia;Temperate;Oceania;Oceania;Australia;-32.393431, 116.072731;terrestrial;terrestrial;forest;invertebrates;long (100+ years);intermediate
Zartman_2003;118;118_plants_in_Brazil;Zartman, C.E., 2003. Habitat Fragmentation Impacts on Epiphyllous Bryophyte Communities in Central Amazonia. Ecology, 84(4), pp.948–954.;Brazil;Tropical;South America;South America;South America;-2.416667, -59.833333;terrestrial;terrestrial;forest;plants;Recent (less than 20 years);intermediate
Ziter_2013;119;119_plants_in_Canada;Ziter, C., Bennett, E.M. & Gonzalez, A., 2013. Functional diversity and management mediate aboveground carbon stocks in small forest fragments. Ecosphere, 4(7), p.art85. Available at: http://dx.doi.org/10.1890/ES13-00135.1.;Canada;Temperate;North America;North America;North America;45.194273, -73.159777;terrestrial;terrestrial;forest;plants;Intermediate (20-100 years);intermediate
Ding_2013;;Ding et al. 2013;Ding, Z. , Feeley, K. J., Wang, Y. , Pakeman, R. J. and Ding, P. (2013), Patterns of bird functional diversity on land-bridge island fragments. J Anim Ecol, 82: 781-790. doi:10.1111/1365-2656.12046;China;Temperate;Asia;Asia;Asia;29.5531, 118.9354;terrestrial;aquatic;forest;birds;Intermediate (20-100 years);harsh filter
Jauker_2019;;Jauker et al. 2019;Jauker, F., B. Jauker, I Grass, I Steffan‐Dewenter, and V. Wolters. 2019. Partitioning wild bee and hoverfly contributions to plant–pollinator network structure in fragmented habitats. Ecology 100(2):e02569. 10.1002/ecy.2569;Germany;Temperate;Europe;Europe;Europe;51.96667, 9.81667;terrestrial;terrestrial;forest;invertebrates;Intermediate (20-100 years);intermediate
MacNally_2001;;Mac Nally and Brown 2001 (Lizards_in_Australia);Mac Nally, R. & Brown, G. 2001.  Reptiles and habitat fragmentation in the box-ironbark forests of central Victoria, Australia: predictions, compositional change and faunal nestedness. Oecologia (2001) 128: 116. https://doi.org/10.1007/s004420100632;Australia;Temperate;Oceania;Oceania;Australia;-36.510, 143.180;terrestrial;terrestrial;forest;amphibians & reptiles;Intermediate (20-100 years);intermediate
Sridhar_2008;;Sridhar et al. 2008;Sridhar, H., Raman, T.S. and Mudappa, D., 2008. Mammal persistence and abundance in tropical rainforest remnants in the southern Western Ghats, India. Current Science, pp.748-757.;India;Tropical;Asia;Asia;Asia;10.4241, 77.1256;terrestrial;terrestrial;forest;mammals;Intermediate (20-100 years);intermediate
Vasconcelos_2006;;Vasconcelos et al. 2006;Vasconcelos, H.L., Vilhena, J.M., Magnusson, W.E. and Albernaz, A.L.M., 2006. Long‐term effects of forest fragmentation on Amazonian ant communities. Journal of Biogeography, 33(8), pp.1348-1356.;Brazil;Tropical;South America;South America;South America;-2.4506, -54.7009;terrestrial;terrestrial;forest;mammals;long (100+ years);intermediate
Aguiar_2012;;Aguiar and Gaglione 2012;Aguiar, W.M.D. and Gaglianone, M.C., 2012. Euglossine bee communities in small forest fragments of the Atlantic Forest, Rio de Janeiro state, southeastern Brazil (Hymenoptera, Apidae). Revista Brasileira de Entomologia, 56(2), pp.210-219.;Brazil;Tropical;South America;South America;South America;-21.44712, -41.1097;terrestrial;terrestrial;forest;invertebrates;Intermediate (20-100 years);intermediate
Almeida-Gomes_2014;;Almeida-Gomes et al. 2014;Almeida-Gomes, M. and Rocha, C.F.D., 2014. Diversity and distribution of lizards in fragmented Atlantic Forest landscape in Southeastern Brazil. Journal of Herpetology, 48(3), pp.423-429.;Brazil;Tropical;South America;South America;South America;-22.435, -42.709;terrestrial;terrestrial;forest;amphibians & reptiles;Intermediate (20-100 years);intermediate
Brosi_2008;;Brosi et al. 2008;Brosi, B.J., Daily, G.C., Shih, T.M., Oviedo, F. and Durán, G., 2008. The effects of forest fragmentation on bee communities in tropical countryside. Journal of Applied Ecology, 45(3), pp.773-783.;Costa Rica;Tropical;North America;Central America;Central America;8.783333, -82.950000;terrestrial;terrestrial;forest;invertebrates;Intermediate (20-100 years);intermediate
Jyothi_2015;;Jyothi and Nemeer 2015;Jyothi, K.M. and Nameer, P.O., 2015. Birds of sacred groves of northern Kerala, India. Journal of Threatened Taxa, 7(15), pp.8226-8236.;India;Tropical;Asia;Asia;Asia;11.874477, 75.370369;terrestrial;terrestrial;forest;birds;Intermediate (20-100 years);light filter
Lambert_2003;;Lambert et al. 2003;Lambert, T.D., Adler, G.H., Riveros, C.M., Lopez, L., Ascanio, R. and Terborgh, J., 2003. Rodents on tropical land-bridge islands. Journal of Zoology, 260(2), pp.179-187.;Venezuela;Tropical;South America;South America;Central America;7.0602, -62.9677;terrestrial;aquatic;forest;mammals;Recent (less than 20 years);harsh filter
Lion_2016;;Lion et al. 2016;Lion, M.B., Garda, A.A., Santana, D.J. and Fonseca, C.R., 2016. The conservation value of small fragments for Atlantic forest reptiles. Biotropica, 48(2), pp.265-275.;Brazil;Tropical;South America;South America;South America;-6.279371, -35.118256;terrestrial;terrestrial;forest;amphibians & reptiles;Intermediate (20-100 years);intermediate
Savilaakso_2009;;Savilaasko et al. 2009;Savilaakso, S., Koivisto, J., Veteli, T.O. and Roininen, H., 2009. Microclimate and tree community linked to differences in lepidopteran larval communities between forest fragments and continuous forest. Diversity and Distributions, 15(2), pp.356-365.;Uganda;Tropical;Africa;Africa;Africa;0.486176, 30.389665;terrestrial;terrestrial;forest;plants;Intermediate (20-100 years);intermediate
Wang_2012;;Wang et al. 2012;Wang, Y., Wang, X. and Ding, P., 2012. Nestedness of snake assemblages on islands of an inundated lake. Current Zoology, 58(6), pp.828-836.;China;Temperate;Asia;Asia;Asia;29.5531, 118.9354;terrestrial;aquatic;forest;amphibians & reptiles;Intermediate (20-100 years);harsh filter
Kapoor_2008;;Kapoor, V., 2008. Effects of rainforest fragmentation and shade-coffee plantations on spider communities in the Western Ghats, India. Journal of Insect Conservation, 12(1), pp.53-68.;;India;Tropical;Asia;Asia;Asia;10.4241, 77.1256;terrestrial;terrestrial;forest;invertebrates;Intermediate (20-100 years);harsh filter
Caceres_2010;;;;Brazil;Tropical;South America;South America;South America;-20.5218, -55.294;terrestrial;terrestrial;forest;mammals;Intermediate (20-100 years);intermediate
Garmendia_2013;;;;Mexico;Tropical;North America;Central America;Central America;16.087039, -90.964226;terrestrial;terrestrial;forest;mammals;Intermediate (20-100 years);intermediate
Stouffer_2011;;;;Brazil;Tropical;South America;South America;South America;-2.3367, -60.1086;terrestrial;terrestrial;forest;birds;Intermediate (20-100 years);intermediate
Fernandez_2013_a;;;;Chile;Temperate;South America;South America;South America;-33.27666667, -70.60583333;terrestrial;terrestrial;shrubland/steppe;mammals;Intermediate (20-100 years);intermediate
Fernandez_2013_b;;;;Chile;Temperate;South America;South America;South America;-33.27666667, -70.60583333;terrestrial;terrestrial;shrubland/steppe;mammals;Recent (less than 20 years);harsh filter
Ewers_2007;;;;New Zealand;Temperate;Oceania;Oceania;New Zealand;-42.375, 172.3971;terrestrial;terrestrial;forest;invertebrates;Intermediate (20-100 years);intermediate